model_name,f1,baseline_f1,lift_f1,run_id
svm,0.8177339901477833,0.0,0.8177339901477833,20260728_122943
mlp,0.7977862920391656,0.0,0.7977862920391656,20260728_130830
hgb,0.7788441032203027,0.0,0.7788441032203027,20260728_130753
hard_svm,0.7741383001498607,0.0,0.7741383001498607,20260728_131015
logreg,0.7725321888412018,0.0,0.7725321888412018,20260728_130732
ridge,0.7681128446249199,0.0,0.7681128446249199,20260728_130929
linreg,0.7681128446249199,0.0,0.7681128446249199,20260728_130949
rf,0.7237715803452854,0.0,0.7237715803452854,20260728_130859
hard_svm_kernel,0.6470588235294117,0.0,0.6470588235294117,20260728_131035
